Order Date,Store ID,Product,Units Sold,Revenue ($)
2024-01-01,3,Coffee,34,286.1
2024-01-02,3,Juice,17,349.45
2024-01-03,4,Tea,35,112.35
2024-01-04,5,Coffee,1,267.66
2024-01-05,1,Coffee,4,370.83
2024-01-06,1,Tea,7,22.67
2024-01-07,5,Juice,12,329.23
2024-01-08,5,Juice,30,98.58
2024-01-09,2,Coffee,13,321.44
2024-01-10,2,Coffee,4,258.76
2024-01-11,5,Tea,36,321.61
2024-01-12,3,Tea,13,163.39
2024-01-13,2,Coffee,37,182.84
2024-01-14,5,Coffee,10,370.1
2024-01-15,2,Tea,28,33.14
2024-01-16,3,Coffee,30,66.7
2024-01-17,4,Coffee,25,389.27
2024-01-18,3,Coffee,15,365.73
2024-01-19,1,Tea,26,63.01
2024-01-20,1,Tea,4,389.52
2024-01-21,5,Coffee,15,109.85
2024-01-22,4,Tea,15,357.38
2024-01-23,5,Water,34,362.39
2024-01-24,3,Water,13,14.38
2024-01-25,5,Coffee,7,8.84
2024-01-26,2,Tea,28,134.16
2024-01-27,3,Juice,19,372.82
2024-01-28,4,Coffee,13,317.58
2024-01-29,1,Juice,33,157.81
2024-01-30,2,Water,28,343.91
2024-01-31,1,Water,12,126.49
2024-02-01,3,Coffee,22,142.23
2024-02-02,5,Tea,38,80.24
2024-02-03,1,Coffee,35,384.02
2024-02-04,2,Juice,32,322.43
2024-02-05,3,Water,29,187.66
2024-02-06,5,Water,25,109.39
2024-02-07,2,Water,16,386.56
2024-02-08,3,Water,8,161.74
2024-02-09,2,Tea,19,88.23
2024-02-10,1,Water,17,172.74
2024-02-11,4,Coffee,19,289.05
2024-02-12,1,Coffee,8,309.42
2024-02-13,2,Tea,34,48.05
2024-02-14,3,Tea,7,378.64
2024-02-15,3,Tea,6,271.46
2024-02-16,1,Tea,15,29.69
2024-02-17,5,Water,17,335.79
2024-02-18,4,Tea,5,388.9
2024-02-19,5,Tea,21,335.91
2024-02-20,1,Juice,10,8.87
2024-02-21,4,Coffee,18,191.87
2024-02-22,2,Water,6,237.72
2024-02-23,3,Water,24,355.76
2024-02-24,5,Coffee,26,203.59
2024-02-25,2,Juice,20,35.54
2024-02-26,4,Water,9,373.74
2024-02-27,1,Coffee,17,380.94
2024-02-28,2,Coffee,34,197.03
2024-02-29,5,Coffee,27,26.11
2024-03-01,3,Water,3,336.36
2024-03-02,3,Tea,13,297.96
2024-03-03,2,Water,25,388.64
2024-03-04,1,Coffee,24,7.89
2024-03-05,3,Juice,2,177.02
2024-03-06,4,Juice,29,117.1
2024-03-07,3,Juice,3,47.54
2024-03-08,4,Juice,6,295.38
2024-03-09,2,Coffee,27,139.78
2024-03-10,4,Coffee,13,20.39
2024-03-11,4,Juice,27,57.78
2024-03-12,5,Water,37,323.37
2024-03-13,3,Water,13,244.32
2024-03-14,1,Water,38,89.94
2024-03-15,4,Tea,23,279.94
2024-03-16,3,Water,39,56.51
2024-03-17,5,Coffee,31,270.91
2024-03-18,3,Juice,2,263.74
2024-03-19,2,Juice,14,7.18
2024-03-20,1,Juice,33,207.05
2024-03-21,3,Water,31,291.89
2024-03-22,4,Coffee,37,304.62
2024-03-23,4,Water,34,283.75
2024-03-24,5,Coffee,36,354.59
2024-03-25,2,Tea,1,303.7
2024-03-26,3,Coffee,28,369.19
2024-03-27,5,Coffee,10,168.85
2024-03-28,2,Water,27,18.49
2024-03-29,2,Tea,32,76.5
2024-03-30,5,Juice,29,118.67
2024-03-31,3,Water,35,21.51
2024-04-01,3,Water,23,47.72
2024-04-02,4,Coffee,18,209.92
2024-04-03,3,Tea,31,104.73
2024-04-04,5,Water,9,117.79
2024-04-05,4,Water,20,297.88
2024-04-06,1,Tea,38,342.6
2024-04-07,1,Coffee,9,345.51
2024-04-08,3,Juice,27,151.4
2024-04-09,5,Coffee,4,285.3
2024-04-10,1,Water,39,341.66
2024-04-11,4,Tea,36,64.63
2024-04-12,4,Tea,22,84.22
2024-04-13,4,Juice,30,260.94
2024-04-14,5,Tea,23,109.89
2024-04-15,1,Juice,7,81.11
2024-04-16,3,Water,17,150.17
2024-04-17,5,Tea,33,11.31
2024-04-18,2,Tea,11,178.14
2024-04-19,1,Tea,12,23.67
2024-04-20,3,Water,30,101.66
2024-04-21,1,Juice,25,90.93
2024-04-22,2,Tea,16,135.13
2024-04-23,5,Water,14,54.53
2024-04-24,4,Tea,32,191.12
2024-04-25,5,Tea,9,276.7
2024-04-26,5,Water,14,138.88
2024-04-27,5,Water,7,371.24
2024-04-28,2,Juice,12,344.61
2024-04-29,3,Coffee,3,125.88
2024-04-30,4,Juice,11,20.37
2024-05-01,2,Tea,3,308.44
2024-05-02,5,Water,23,99.8
2024-05-03,1,Juice,3,136.2
2024-05-04,5,Juice,1,233.84
2024-05-05,4,Juice,4,399.56
2024-05-06,2,Tea,7,123.37
2024-05-07,4,Tea,33,190.07
2024-05-08,3,Juice,27,252.84
2024-05-09,5,Tea,21,274.93
2024-05-10,5,Water,14,88.81
2024-05-11,2,Water,6,240.15
2024-05-12,3,Tea,21,219.92
2024-05-13,2,Juice,21,265.14
2024-05-14,4,Coffee,20,50.42
2024-05-15,4,Juice,22,54.89
2024-05-16,5,Coffee,22,390.33
2024-05-17,5,Coffee,20,329.41
2024-05-18,5,Coffee,4,331.89
2024-05-19,5,Coffee,9,373.97
2024-05-20,5,Water,4,384.46
2024-05-21,1,Coffee,17,160.43
2024-05-22,1,Water,24,302.86
2024-05-23,3,Coffee,34,258.44
2024-05-24,2,Juice,16,226.14
2024-05-25,5,Water,15,273.34
2024-05-26,4,Coffee,38,131.18
2024-05-27,3,Coffee,20,345.56
2024-05-28,3,Tea,15,165.77
2024-05-29,3,Tea,37,63.53
2024-05-30,5,Tea,25,9.34
2024-05-31,1,Coffee,10,257.48
2024-06-01,3,Coffee,33,96.49
2024-06-02,4,Juice,29,382.65
2024-06-03,3,Coffee,6,82.03
2024-06-04,5,Coffee,19,129.89
2024-06-05,5,Tea,22,393.73
2024-06-06,5,Coffee,31,210.34
2024-06-07,3,Coffee,17,369.2
2024-06-08,5,Coffee,15,313.67
2024-06-09,1,Tea,23,51.99
2024-06-10,4,Tea,22,90.31
2024-06-11,2,Water,22,157.94
2024-06-12,2,Juice,15,352.98
2024-06-13,4,Tea,8,136.93
2024-06-14,4,Water,34,187.92
2024-06-15,5,Coffee,35,194.9
2024-06-16,2,Tea,36,133.28
2024-06-17,5,Coffee,3,315.66
2024-06-18,5,Tea,25,26.66
2024-06-19,2,Tea,13,94.23
2024-06-20,1,Water,39,330.91
2024-06-21,4,Tea,26,248.45
2024-06-22,5,Juice,29,207.17
2024-06-23,3,Water,25,150.96
2024-06-24,1,Coffee,33,56.41
2024-06-25,1,Juice,9,185.43
2024-06-26,2,Water,35,394.9
2024-06-27,4,Tea,15,240.06
2024-06-28,2,Water,11,232.75
2024-06-29,1,Water,16,396.1
2024-06-30,4,Coffee,39,354.73
2024-07-01,4,Coffee,7,399.68
2024-07-02,1,Juice,16,381.69
2024-07-03,3,Tea,34,268.66
2024-07-04,2,Coffee,20,125.6
2024-07-05,3,Water,8,253.12
2024-07-06,1,Coffee,8,142.54
2024-07-07,4,Coffee,37,325.25
2024-07-08,2,Tea,33,59.23
2024-07-09,3,Tea,29,187.71
2024-07-10,3,Juice,14,337.11
2024-07-11,4,Tea,2,184.53
2024-07-12,1,Tea,27,242.4
2024-07-13,2,Tea,34,43.82
2024-07-14,4,Juice,9,117.62
2024-07-15,4,Water,5,382.02
2024-07-16,2,Coffee,14,264.49
2024-07-17,1,Tea,10,149.15
2024-07-18,4,Water,15,209.17
2024-07-19,3,Water,16,311.07
2024-07-20,4,Tea,10,316.05
2024-07-21,1,Water,38,332.05
2024-07-22,3,Water,2,119.41
2024-07-23,5,Tea,29,99.13
2024-07-24,5,Juice,31,257.21
2024-07-25,2,Juice,17,213.24
2024-07-26,4,Tea,38,228.13
2024-07-27,1,Coffee,39,89.77
2024-07-28,5,Coffee,9,130.86
2024-07-29,2,Tea,8,302.06
2024-07-30,2,Tea,7,146.54
2024-07-31,5,Juice,5,304.21
2024-08-01,3,Tea,14,23.42
2024-08-02,5,Tea,9,380.59
2024-08-03,1,Juice,4,87.19
2024-08-04,4,Juice,22,193.89
2024-08-05,5,Tea,26,368.75
2024-08-06,1,Coffee,33,105.12
2024-08-07,2,Coffee,15,94.82
2024-08-08,1,Juice,11,394.33
2024-08-09,2,Water,22,362.25
2024-08-10,2,Juice,21,215.24
2024-08-11,1,Coffee,36,29.1
2024-08-12,5,Coffee,20,243.84
2024-08-13,2,Water,34,104.37
2024-08-14,5,Tea,4,89.53
2024-08-15,4,Water,36,373.2
2024-08-16,1,Coffee,16,249.67
2024-08-17,4,Water,37,180.4
2024-08-18,4,Coffee,5,29.75
2024-08-19,1,Juice,24,151.79
2024-08-20,1,Tea,22,346.27
2024-08-21,2,Coffee,20,124.56
2024-08-22,1,Tea,10,132.5
2024-08-23,3,Tea,2,244.71
2024-08-24,3,Coffee,6,104.6
2024-08-25,4,Tea,4,224.99
2024-08-26,3,Coffee,24,308.63
2024-08-27,3,Juice,21,118.24
2024-08-28,2,Water,16,191.74
2024-08-29,3,Tea,34,232.63
2024-08-30,3,Tea,15,148.52
2024-08-31,5,Juice,17,93.33
2024-09-01,4,Water,3,50.19
2024-09-02,4,Coffee,1,228.37
2024-09-03,3,Coffee,37,375.28
2024-09-04,2,Tea,9,12.41
2024-09-05,2,Water,8,346.94
2024-09-06,3,Juice,30,385.18
2024-09-07,3,Coffee,33,219.22
2024-09-08,2,Tea,7,387.31
2024-09-09,1,Water,22,283.39
2024-09-10,1,Coffee,8,220.36
2024-09-11,1,Coffee,23,188.15
2024-09-12,2,Water,12,189.23
2024-09-13,3,Coffee,13,274.39
2024-09-14,2,Juice,24,97.63
2024-09-15,1,Juice,37,287.58
2024-09-16,2,Water,33,198.94
2024-09-17,4,Water,1,271.49
2024-09-18,2,Tea,9,376.64
2024-09-19,5,Tea,35,97.21
2024-09-20,3,Water,24,164.27
2024-09-21,1,Juice,12,113.69
2024-09-22,5,Water,21,25.81
2024-09-23,5,Coffee,39,250.73
2024-09-24,4,Water,18,253.27
2024-09-25,1,Tea,2,399.77
2024-09-26,4,Coffee,23,242.41
2024-09-27,4,Juice,32,161.46
2024-09-28,4,Tea,32,360.96
2024-09-29,4,Juice,28,11.08
2024-09-30,3,Tea,9,124.57
2024-10-01,2,Tea,19,302.01
2024-10-02,5,Juice,20,68.79
2024-10-03,5,Water,29,147.69
2024-10-04,4,Tea,4,340.38
2024-10-05,2,Juice,4,141.15
2024-10-06,3,Coffee,21,100.97
2024-10-07,3,Coffee,3,356.78
2024-10-08,1,Tea,31,35.58
2024-10-09,1,Coffee,19,343.39
2024-10-10,3,Juice,39,129.58
2024-10-11,3,Juice,10,87.07
2024-10-12,2,Tea,19,197.71
2024-10-13,2,Water,35,195.95
2024-10-14,1,Water,12,386.06
2024-10-15,5,Water,10,302.24
2024-10-16,3,Tea,23,186.75
2024-10-17,2,Juice,25,225.98
2024-10-18,4,Tea,15,130.76
2024-10-19,5,Coffee,33,393.18
2024-10-20,2,Water,5,157.45
2024-10-21,5,Tea,27,354.85
2024-10-22,4,Tea,21,264.15
2024-10-23,4,Tea,37,366.88
2024-10-24,3,Tea,32,145.05
2024-10-25,5,Juice,33,169.6
2024-10-26,1,Tea,35,150.88
2024-10-27,1,Coffee,1,331.68
2024-10-28,5,Water,39,381.48
2024-10-29,3,Juice,5,330.7
2024-10-30,3,Water,15,183.31
2024-10-31,4,Water,10,332.49
2024-11-01,2,Juice,10,293.42
2024-11-02,4,Water,4,210.06
2024-11-03,5,Tea,5,77.48
2024-11-04,5,Coffee,11,98.96
2024-11-05,1,Juice,18,282.99
2024-11-06,5,Juice,10,83.5
2024-11-07,4,Coffee,32,226.34
2024-11-08,4,Water,1,322.65
2024-11-09,1,Tea,10,263.29
2024-11-10,5,Water,38,245.85
2024-11-11,2,Juice,34,106.8
2024-11-12,5,Coffee,35,52.37
2024-11-13,2,Tea,28,18.39
2024-11-14,1,Coffee,21,23.3
2024-11-15,5,Tea,8,96.55
2024-11-16,3,Juice,32,225.28
2024-11-17,2,Water,25,172.35
2024-11-18,5,Water,35,85.62
2024-11-19,5,Coffee,32,124.56
2024-11-20,1,Juice,35,187.19
2024-11-21,4,Juice,37,320.58
2024-11-22,5,Tea,1,264.09
2024-11-23,4,Coffee,7,21.16
2024-11-24,4,Juice,23,195.2
2024-11-25,3,Coffee,33,78.47
2024-11-26,3,Water,34,342.66
2024-11-27,2,Coffee,31,354.54
2024-11-28,1,Water,35,224.09
2024-11-29,2,Water,10,295.88
2024-11-30,4,Tea,33,276.28
2024-12-01,5,Juice,12,327.65
2024-12-02,5,Tea,2,115.13
2024-12-03,2,Water,38,95.57
2024-12-04,1,Juice,23,299.79
2024-12-05,5,Coffee,15,383.84
2024-12-06,4,Tea,15,95.78
2024-12-07,4,Juice,12,229.27
2024-12-08,5,Tea,29,219.97
2024-12-09,2,Tea,29,152.56
2024-12-10,5,Tea,15,301.34
2024-12-11,4,Tea,6,57.05
2024-12-12,4,Juice,13,151.85
2024-12-13,2,Juice,19,175.27
2024-12-14,2,Tea,32,381.43
2024-12-15,2,Tea,14,275.3
2024-12-16,4,Tea,20,285.83
2024-12-17,3,Juice,22,399.92
2024-12-18,1,Tea,6,94.58
2024-12-19,1,Tea,24,243.39
2024-12-20,1,Juice,17,47.53
2024-12-21,3,Tea,25,69.19
2024-12-22,3,Juice,29,279.97
2024-12-23,5,Juice,17,331.26
2024-12-24,4,Water,15,256.14
2024-12-25,2,Coffee,35,234.01
2024-12-26,3,Coffee,30,317.3
2024-12-27,4,Tea,33,382.71
2024-12-28,5,Water,29,370.58
2024-12-29,3,Tea,37,324.47
2024-12-30,4,Coffee,35,175.69
2024-12-31,2,Tea,18,307.7
2025-01-01,3,Tea,37,97.36
2025-01-02,5,Water,29,362.1
2025-01-03,2,Coffee,31,115.5
2025-01-04,1,Juice,17,392.25
2025-01-05,4,Coffee,16,124.16
2025-01-06,2,Juice,11,109.31
2025-01-07,3,Water,3,137.85
2025-01-08,5,Water,26,196.63
2025-01-09,2,Coffee,37,84.08
2025-01-10,2,Coffee,37,109.17
2025-01-11,2,Coffee,16,354.27
2025-01-12,5,Coffee,32,372.87
2025-01-13,2,Coffee,27,66.38
2025-01-14,4,Tea,12,179.33
2025-01-15,2,Tea,24,170.84
2025-01-16,5,Coffee,9,332.17
2025-01-17,4,Water,36,265.86
2025-01-18,4,Juice,31,166.18
2025-01-19,3,Water,26,316.53
2025-01-20,2,Juice,28,244.03
2025-01-21,5,Juice,37,87.7
2025-01-22,4,Coffee,34,318.09
2025-01-23,2,Tea,18,188.93
2025-01-24,1,Juice,6,355.35
2025-01-25,1,Coffee,36,267.77
2025-01-26,3,Juice,34,64.7
2025-01-27,3,Juice,23,303.89
2025-01-28,2,Tea,17,234.58
2025-01-29,5,Water,9,218.92
2025-01-30,3,Water,11,170.8
2025-01-31,4,Juice,37,266.84
2025-02-01,1,Water,14,30.0
2025-02-02,2,Water,8,204.01
2025-02-03,2,Coffee,39,374.53
2025-02-04,1,Coffee,35,85.92
2025-02-05,3,Coffee,38,59.12
2025-02-06,1,Coffee,22,167.16
2025-02-07,2,Water,4,210.21
2025-02-08,4,Tea,36,153.73
2025-02-09,4,Coffee,13,196.16
2025-02-10,3,Tea,31,271.49
2025-02-11,4,Water,29,318.15
2025-02-12,2,Tea,39,25.38
2025-02-13,5,Tea,2,155.78
2025-02-14,1,Juice,38,249.6
2025-02-15,4,Tea,2,13.26
2025-02-16,1,Tea,7,379.93
2025-02-17,4,Juice,2,258.12
2025-02-18,2,Tea,9,196.58
2025-02-19,2,Water,34,182.08
2025-02-20,2,Juice,38,63.17
2025-02-21,4,Coffee,14,31.17
2025-02-22,4,Water,27,273.98
2025-02-23,2,Coffee,13,369.97
2025-02-24,3,Juice,35,317.99
2025-02-25,1,Juice,31,13.47
2025-02-26,5,Coffee,20,20.39
2025-02-27,5,Tea,13,207.5
2025-02-28,2,Water,6,231.44
2025-03-01,3,Tea,29,244.51
2025-03-02,3,Coffee,23,351.03
2025-03-03,4,Water,15,359.66
2025-03-04,1,Tea,35,395.77
2025-03-05,3,Tea,12,136.79
2025-03-06,5,Water,2,190.07
2025-03-07,4,Juice,16,397.48
2025-03-08,3,Juice,20,281.64
2025-03-09,1,Water,7,27.69
2025-03-10,5,Coffee,9,364.27
2025-03-11,1,Water,3,248.59
2025-03-12,2,Juice,38,81.52
2025-03-13,4,Juice,34,142.35
2025-03-14,3,Juice,19,233.18
2025-03-15,3,Juice,34,262.84
2025-03-16,3,Juice,36,167.24
2025-03-17,1,Water,18,299.02
2025-03-18,1,Tea,33,215.47
2025-03-19,5,Tea,27,390.03
2025-03-20,5,Tea,30,342.13
2025-03-21,1,Juice,34,64.29
2025-03-22,4,Tea,11,45.72
2025-03-23,3,Water,16,342.14
2025-03-24,4,Juice,22,245.05
2025-03-25,1,Water,28,390.61
2025-03-26,4,Juice,26,177.15
2025-03-27,4,Water,30,75.82
2025-03-28,5,Tea,29,19.61
2025-03-29,2,Water,4,308.59
2025-03-30,3,Juice,14,37.99
2025-03-31,1,Coffee,6,259.34
2025-04-01,1,Tea,39,227.6
2025-04-02,1,Tea,30,297.13
2025-04-03,3,Juice,20,377.84
2025-04-04,1,Tea,28,98.43
2025-04-05,4,Tea,5,195.63
2025-04-06,1,Water,8,301.87
2025-04-07,4,Water,26,84.93
2025-04-08,3,Tea,33,41.34
2025-04-09,2,Coffee,28,59.52
2025-04-10,3,Tea,32,373.02
2025-04-11,5,Tea,16,316.82
2025-04-12,5,Coffee,13,84.16
2025-04-13,2,Juice,20,11.28
2025-04-14,5,Tea,14,256.94
2025-04-15,2,Juice,9,132.15
2025-04-16,4,Water,5,95.04
2025-04-17,2,Tea,33,83.82
2025-04-18,4,Coffee,18,191.53
2025-04-19,4,Juice,16,140.19
2025-04-20,5,Coffee,5,376.39
2025-04-21,2,Juice,38,228.53
2025-04-22,5,Tea,22,360.55
2025-04-23,5,Water,23,370.23
2025-04-24,1,Juice,25,360.55
2025-04-25,1,Juice,6,201.85
2025-04-26,1,Tea,23,235.4
2025-04-27,4,Tea,26,216.03
2025-04-28,2,Water,3,13.0
2025-04-29,1,Juice,30,378.83
2025-04-30,1,Coffee,25,64.68
2025-05-01,5,Coffee,35,223.62
2025-05-02,3,Juice,30,274.65
2025-05-03,1,Water,14,315.59
2025-05-04,2,Water,6,219.18
2025-05-05,4,Coffee,34,257.45
2025-05-06,2,Water,24,331.71
2025-05-07,4,Juice,30,259.19
2025-05-08,2,Water,32,268.4
2025-05-09,4,Water,24,342.35
2025-05-10,1,Coffee,8,34.0
2025-05-11,5,Coffee,20,209.82
2025-05-12,4,Water,36,15.49
2025-05-13,3,Water,8,64.8
2025-05-14,4,Juice,38,16.26
